date,window,industry,rank,ret,rel,members
2026-08-03,1W,Oilfield Services/Equipment,1,15.951281991671332,13.005564279647762,3
2026-08-03,1W,Electronics Distributors,2,13.151253416157031,10.205535704133462,4
2026-08-03,1W,Railroads,3,9.254246927853508,6.308529215829937,2
2026-08-03,1W,Data Processing Services,4,8.738192146305618,5.792474434282047,3
2026-08-03,1W,Information Technology Services,5,8.0145055656972,5.06878785367363,30
2026-08-03,1W,Automotive Aftermarket,6,7.627484957981458,4.681767245957888,8
2026-08-03,1W,Restaurants,7,7.50062163207843,4.55490392005486,7
2026-08-03,1W,Motor Vehicles,8,7.349294107289697,4.403576395266127,16
2026-08-03,1W,Electronic Components,9,6.72843751267261,3.7827198006490392,5
2026-08-03,1W,Internet Software/Services,10,6.31305739130979,3.367339679286219,13
2026-08-03,1W,Trucks/Construction/Farm Machinery,11,6.151085424237095,3.205367712213524,19
2026-08-03,1W,Oil & Gas Production,12,6.013806337761753,3.068088625738183,3
2026-08-03,1W,Packaged Software,13,5.747289345693329,2.801571633669759,37
2026-08-03,1W,Air Freight/Couriers,14,5.56179146350037,2.6160737514767995,9
2026-08-03,1W,Financial Conglomerates,15,5.545135574138723,2.599417862115153,8
2026-08-03,1W,Finance/Rental/Leasing,16,5.528248331506205,2.5825306194826347,55
2026-08-03,1W,Biotechnology,17,5.158539878108024,2.2128221660844534,4
2026-08-03,1W,Personnel Services,18,4.788499626734918,1.842781914711348,2
2026-08-03,1W,Life/Health Insurance,19,4.465320854030843,1.5196031420072722,8
2026-08-03,1W,Airlines,20,4.460512242130954,1.5147945301073835,2
2026-08-03,1W,Miscellaneous Commercial Services,21,4.354425995956063,1.408708283932493,34
2026-08-03,1W,Financial Publishing/Services,22,3.903783121932538,0.9580654099089676,2
2026-08-03,1W,Food: Major Diversified,23,3.8859827816120895,0.9402650695885192,5
2026-08-03,1W,Steel,24,3.5856063815307357,0.6398886695071648,49
2026-08-03,1W,Electronic Production Equipment,25,3.543591565357469,0.5978738533338981,10
2026-08-03,1W,Beverages: Alcoholic,26,3.3942082590861378,0.4484905470625673,9
2026-08-03,1W,Auto Parts: OEM,27,3.374053037047273,0.4283353250237027,52
2026-08-03,1W,Multi-Line Insurance,28,3.3699964961804354,0.4242787841568649,5
2026-08-03,1W,Pharmaceuticals: Major,29,3.2351927215386898,0.2894750095151193,79
2026-08-03,1W,Medical/Nursing Services,30,3.1914878363338843,0.2457701243103138,10
2026-08-03,1W,Electronic Equipment/Instruments,31,2.9146167694642995,-0.0311009425592709,8
2026-08-03,1W,Gas Distributors,32,2.857430577370464,-0.0882871346531066,6
2026-08-03,1W,Real Estate Development,33,2.848483572045231,-0.0972341399783394,35
2026-08-03,1W,Movies/Entertainment,34,2.473465943227641,-0.4722517687959295,7
2026-08-03,1W,Food: Specialty/Candy,35,2.4674537030987054,-0.4782640089248651,19
2026-08-03,1W,Apparel/Footwear Retail,36,2.4080494831353656,-0.5376682288882049,12
2026-08-03,1W,Telecommunications Equipment,37,2.395033247942526,-0.5506844640810447,7
2026-08-03,1W,Other Consumer Services,38,2.3617065095945056,-0.5840112024290649,5
2026-08-03,1W,Specialty Stores,39,2.3546528337417696,-0.5910648782818009,11
2026-08-03,1W,Agricultural Commodities/Milling,40,2.2732705491195597,-0.6724471629040112,24
2026-08-03,1W,Other Metals/Minerals,41,2.247736252087668,-0.6979814599359027,15
2026-08-03,1W,Marine Shipping,42,2.1612241365085447,-0.7844935755150257,3
2026-08-03,1W,Construction Materials,43,2.073039562446336,-0.8726781495772347,21
2026-08-03,1W,Industrial Specialties,44,2.051728507157508,-0.8939892048660623,25
2026-08-03,1W,Internet Retail,45,2.008220863442878,-0.9374968485806918,4
2026-08-03,1W,Metal Fabrication,46,1.963826039114301,-0.9818916729092696,28
2026-08-03,1W,Homebuilding,47,1.9114404910518883,-1.034277220971682,4
2026-08-03,1W,Chemicals: Agricultural,48,1.889549015267831,-1.0561686967557395,26
2026-08-03,1W,Engineering & Construction,49,1.8775467987592585,-1.068170913264312,55
2026-08-03,1W,Pharmaceuticals: Other,50,1.8433819981859427,-1.1023357138376275,5
2026-08-03,1W,Chemicals: Major Diversified,51,1.8374656478834732,-1.108252064140097,12
2026-08-03,1W,Wireless Telecommunications,52,1.8027657307144465,-1.1429519813091242,3
2026-08-03,1W,Hotels/Resorts/Cruise lines,53,1.7944608206273729,-1.1512568913961978,16
2026-08-03,1W,Wholesale Distributors,54,1.6924854510901512,-1.2532322609334192,16
2026-08-03,1W,Aluminum,55,1.5984379454224056,-1.3472797666011649,4
2026-08-03,1W,Major Banks,56,1.5583127809341668,-1.3874049310894037,22
2026-08-03,1W,Electronics/Appliances,57,1.5359833727154382,-1.4097343393081323,9
2026-08-03,1W,Chemicals: Specialty,58,1.5276493898969916,-1.4180683221265789,51
2026-08-03,1W,Oil Refining/Marketing,59,1.444428943913544,-1.5012887681100264,10
2026-08-03,1W,Industrial Machinery,60,1.247529308934699,-1.6981884030888714,57
2026-08-03,1W,Regional Banks,61,1.2006566757620325,-1.745061036261538,19
2026-08-03,1W,Electronics/Appliance Stores,62,1.1670449780626244,-1.778672733960946,2
2026-08-03,1W,Medical Specialties,63,1.0512552602625804,-1.89446245176099,5
2026-08-03,1W,Miscellaneous Manufacturing,64,0.9947920574907244,-1.950925654532846,13
2026-08-03,1W,Home Furnishings,65,0.913408467590795,-2.0323092444327755,7
2026-08-03,1W,Food: Meat/Fish/Dairy,66,0.8507403547929326,-2.094977357230638,6
2026-08-03,1W,Hospital/Nursing Management,67,0.825544628050307,-2.1201730839732638,16
2026-08-03,1W,Investment Managers,68,0.7723542488116888,-2.173363463211881,13
2026-08-03,1W,Aerospace & Defense,69,0.7275746188054983,-2.218143093218072,9
2026-08-03,1W,Containers/Packaging,70,0.726822479614473,-2.2188952324090976,11
2026-08-03,1W,Real Estate Investment Trusts,71,0.6551424490656295,-2.290575262957941,7
2026-08-03,1W,Electrical Products,72,0.649087906220459,-2.296629805803112,53
2026-08-03,1W,Textiles,73,0.6225311118230369,-2.323186600200533,26
2026-08-03,1W,Household/Personal Care,74,0.5910865527811462,-2.354631159242424,12
2026-08-03,1W,Apparel/Footwear,75,0.5846521475948264,-2.361065564428744,18
2026-08-03,1W,Trucking,76,0.2785602157594454,-2.667157496264125,3
2026-08-03,1W,Integrated Oil,77,0.2695070431150618,-2.676210668908509,4
2026-08-03,1W,Specialty Insurance,78,0.2020514297876216,-2.743666282235949,2
2026-08-03,1W,Major Telecommunications,79,-0.003961999454547,-2.949679711478117,5
2026-08-03,1W,Other Transportation,80,-0.2441999376175091,-3.1899176496410795,4
2026-08-03,1W,Investment Banks/Brokers,81,-0.3017982585757162,-3.247515970599286,22
2026-08-03,1W,Electric Utilities,82,-0.3789023830825802,-3.324620095106151,24
2026-08-03,1W,Tobacco,83,-0.5618244715051199,-3.5075421835286904,3
2026-08-03,1W,Forest Products,84,-0.5967243686428697,-3.54244208066644,4
2026-08-03,1W,Publishing: Newspapers,85,-0.7097050334986943,-3.655422745522265,2
2026-08-03,1W,Office Equipment/Supplies,86,-0.9586816925961144,-3.904399404619685,5
2026-08-03,1W,Coal,87,-1.0889368501710226,-4.034654562194593,4
2026-08-03,1W,Other Consumer Specialties,88,-1.1350348149929823,-4.080752527016553,17
2026-08-03,1W,Broadcasting,89,-1.309313014884088,-4.255030726907659,3
2026-08-03,1W,Industrial Conglomerates,90,-1.4066599576573893,-4.35237766968096,4
2026-08-03,1W,Building Products,91,-1.4592323078379654,-4.404950019861536,12
2026-08-03,1W,Investment Trusts/Mutual Funds,92,-1.89371809249263,-4.8394358045162,3
2026-08-03,1W,Semiconductors,93,-1.9005942252390589,-4.846311937262629,10
2026-08-03,1W,Pulp & Paper,94,-2.003214922408161,-4.948932634431731,4
2026-08-03,1W,Alternative Power Generation,95,-2.533476405629843,-5.479194117653414,10
2026-08-04,1W,Oilfield Services/Equipment,1,15.219272689882093,13.095700996806922,2
2026-08-04,1W,Electronics Distributors,2,10.202535748925408,8.07896405585024,4
2026-08-04,1W,Restaurants,3,8.507315756412483,6.383744063337313,7
2026-08-04,1W,Automotive Aftermarket,4,7.798369497566723,5.674797804491553,8
2026-08-04,1W,Oil & Gas Production,5,7.6602266486798865,5.536654955604717,2
2026-08-04,1W,Electronic Components,6,7.423495921804804,5.299924228729634,5
2026-08-04,1W,Motor Vehicles,7,6.687439917142593,4.5638682240674235,16
2026-08-04,1W,Electronic Production Equipment,8,5.759551906810621,3.6359802137354515,9
2026-08-04,1W,Internet Retail,9,5.668059947458076,3.544488254382906,4
2026-08-04,1W,Information Technology Services,10,5.555987838965684,3.432416145890514,30
2026-08-04,1W,Financial Conglomerates,11,5.359433004696358,3.2358613116211883,8
2026-08-04,1W,Biotechnology,12,5.292944140446298,3.1693724473711278,4
2026-08-04,1W,Financial Publishing/Services,13,5.1038727173338865,2.9803010242587167,2
2026-08-04,1W,Telecommunications Equipment,14,4.694041685209816,2.5704699921346466,7
2026-08-04,1W,Air Freight/Couriers,15,4.457171768247329,2.333600075172159,8
2026-08-04,1W,Packaged Software,16,4.420187586137886,2.2966158930627163,36
2026-08-04,1W,Data Processing Services,17,4.225982774864493,2.102411081789323,3
2026-08-04,1W,Other Metals/Minerals,18,4.149049694830612,2.0254780017554426,15
2026-08-04,1W,Trucks/Construction/Farm Machinery,19,4.133723228994765,2.0101515359195954,19
2026-08-04,1W,Electronic Equipment/Instruments,20,3.9668930790662125,1.8433213859910427,8
2026-08-04,1W,Steel,21,3.696833571425967,1.573261878350797,48
2026-08-04,1W,Movies/Entertainment,22,3.628049626879697,1.504477933804527,7
2026-08-04,1W,Apparel/Footwear Retail,23,3.618705674728578,1.4951339816534084,12
2026-08-04,1W,Miscellaneous Commercial Services,24,3.6097745883138863,1.4862028952387165,33
2026-08-04,1W,Electronics/Appliance Stores,25,3.600179299765838,1.4766076066906684,2
2026-08-04,1W,Finance/Rental/Leasing,26,3.570159572722742,1.4465878796475722,55
2026-08-04,1W,Aluminum,27,3.4043998465632592,1.2808281534880894,4
2026-08-04,1W,Marine Shipping,28,3.4041324568689317,1.280560763793762,3
2026-08-04,1W,Beverages: Alcoholic,29,3.248438608091921,1.1248669150167512,9
2026-08-04,1W,Food: Meat/Fish/Dairy,30,2.982566786025095,0.8589950929499253,6
2026-08-04,1W,Personnel Services,31,2.887682589303619,0.7641108962284493,2
2026-08-04,1W,Medical/Nursing Services,32,2.861724299390476,0.7381526063153063,12
2026-08-04,1W,Internet Software/Services,33,2.6207103306598856,0.49713863758471577,13
2026-08-04,1W,Auto Parts: OEM,34,2.5973647506390556,0.4737930575638858,51
2026-08-04,1W,Other Consumer Services,35,2.3317436695438944,0.20817197646872465,5
2026-08-04,1W,Gas Distributors,36,2.2660481907851646,0.14247649770999482,6
2026-08-04,1W,Engineering & Construction,37,2.1956614847551394,0.07208979167996965,51
2026-08-04,1W,Electrical Products,38,2.1138586293852963,-0.009713063689873458,51
2026-08-04,1W,Multi-Line Insurance,39,2.08196466539745,-0.04160702767771962,5
2026-08-04,1W,Agricultural Commodities/Milling,40,2.0018874433083886,-0.12168424976678116,24
2026-08-04,1W,Chemicals: Specialty,41,1.9877276887028876,-0.13584400437228217,49
2026-08-04,1W,Miscellaneous,42,1.984817030976515,-0.13875466209865484,2
2026-08-04,1W,Wholesale Distributors,43,1.9084249863260454,-0.2151467067491244,16
2026-08-04,1W,Major Banks,44,1.8918492718355688,-0.23172242123960096,22
2026-08-04,1W,Oil Refining/Marketing,45,1.8851115460653989,-0.23846014700977092,10
2026-08-04,1W,Specialty Stores,46,1.8694914823295354,-0.25408021074563436,11
2026-08-04,1W,Tobacco,47,1.8400899939782014,-0.2834816990969684,3
2026-08-04,1W,Pharmaceuticals: Major,48,1.7364543963190833,-0.3871172967560865,80
2026-08-04,1W,Trucking,49,1.7150244679850166,-0.4085472250901532,3
2026-08-04,1W,Miscellaneous Manufacturing,50,1.6592368207311103,-0.46433487234405946,12
2026-08-04,1W,Wireless Telecommunications,51,1.54990225027868,-0.5736694427964899,3
2026-08-04,1W,Textiles,52,1.5268217620905333,-0.5967499309846365,31
2026-08-04,1W,Industrial Machinery,53,1.5009437140499309,-0.6226279790252389,52
2026-08-04,1W,Food: Specialty/Candy,54,1.3274824115904258,-0.796089281484744,18
2026-08-04,1W,Chemicals: Major Diversified,55,1.304590387871475,-0.8189813052036947,13
2026-08-04,1W,Food: Major Diversified,56,1.2898271709479807,-0.8337445221271891,5
2026-08-04,1W,Electronics/Appliances,57,1.2721027916223044,-0.8514689014528654,9
2026-08-04,1W,Major Telecommunications,58,1.2175137754716838,-0.906057917603486,5
2026-08-04,1W,Life/Health Insurance,59,1.0971236510433622,-1.0264480420318076,8
2026-08-04,1W,Pharmaceuticals: Other,60,0.8077614861588055,-1.3158102069163644,5
2026-08-04,1W,Publishing: Newspapers,61,0.8052443844081867,-1.318327308666983,2
2026-08-04,1W,Metal Fabrication,62,0.7832384511513485,-1.3403332419238212,27
2026-08-04,1W,Investment Banks/Brokers,63,0.7088768207519542,-1.4146948723232156,22
2026-08-04,1W,Industrial Specialties,64,0.707591843484927,-1.4159798495902427,25
2026-08-04,1W,Forest Products,65,0.6793602680163234,-1.4442114250588465,5
2026-08-04,1W,Apparel/Footwear,66,0.6784495983972046,-1.445122094677965,18
2026-08-04,1W,Hotels/Resorts/Cruise lines,67,0.6260620379025661,-1.4975096551726037,15
2026-08-04,1W,Construction Materials,68,0.586305951890529,-1.5372657411846409,17
2026-08-04,1W,Medical Specialties,69,0.5783887662649809,-1.5451829268101889,5
2026-08-04,1W,Aerospace & Defense,70,0.5660338792635029,-1.557537813811667,9
2026-08-04,1W,Railroads,71,0.529137363383257,-1.5944343296919128,2
2026-08-04,1W,Cable/Satellite TV,72,0.467664602839028,-1.6559070902361417,2
2026-08-04,1W,Homebuilding,73,0.4472255100682643,-1.6763461830069055,4
2026-08-04,1W,Regional Banks,74,0.4284659968899155,-1.6951056961852542,19
2026-08-04,1W,Integrated Oil,75,0.010506374241304295,-2.1130653188338657,4
2026-08-04,1W,Real Estate Investment Trusts,76,0.009580659116852852,-2.113991033958317,7
2026-08-04,1W,Investment Trusts/Mutual Funds,77,-0.11382911592569461,-2.2374008090008646,5
2026-08-04,1W,Home Furnishings,78,-0.22330632171088557,-2.3468780147860553,7
2026-08-04,1W,Chemicals: Agricultural,79,-0.24269329662357203,-2.3662649896987418,25
2026-08-04,1W,Hospital/Nursing Management,80,-0.2643763429296315,-2.3879480360048015,17
2026-08-04,1W,Consumer Sundries,81,-0.46440300133066215,-2.587974694405832,2
2026-08-04,1W,Investment Managers,82,-0.6339132044644298,-2.7574848975396,12
2026-08-04,1W,Other Transportation,83,-0.7166532483599344,-2.840224941435104,4
2026-08-04,1W,Containers/Packaging,84,-0.896055576739756,-3.019627269814926,11
2026-08-04,1W,Broadcasting,85,-1.1440056789613287,-3.2675773720364987,3
2026-08-04,1W,Electric Utilities,86,-1.156137374500793,-3.279709067575963,23
2026-08-04,1W,Building Products,87,-1.1591972587395123,-3.282768951814682,12
2026-08-04,1W,Real Estate Development,88,-1.2603617419271869,-3.3839334350023567,35
2026-08-04,1W,Semiconductors,89,-1.2625603882739813,-3.3861320813491513,10
2026-08-04,1W,Specialty Insurance,90,-1.352649357608142,-3.4762210506833116,2
2026-08-04,1W,Alternative Power Generation,91,-1.6341536286436542,-3.757725321718824,10
2026-08-04,1W,Household/Personal Care,92,-1.9750432396251472,-4.0986149327003165,12
2026-08-04,1W,Industrial Conglomerates,93,-2.012229258240021,-4.135800951315191,4
2026-08-04,1W,Office Equipment/Supplies,94,-2.8013830403532145,-4.924954733428384,6
2026-08-04,1W,Other Consumer Specialties,95,-3.468131231910936,-5.591702924986105,16
2026-08-04,1W,Coal,96,-3.8466673018304314,-5.970238994905602,4
2026-08-04,1W,Pulp & Paper,97,-4.9898207467434075,-7.113392439818577,3
